path,size_bytes,sha256
.gitignore,273,888bc9d4bbd9ae3f20df2012e96325ebe931a8fc0451d3e449bc227042c8b06e
CITATION.cff,869,e595357acd2fcc6eaa7d267a9334a05805ad60c156b626574403cf9f1260375b
LICENSE,308,d77a4c9bb7755eedee231c8ad17b9d209c628158ed169d915c47256babca3cde
README.md,4788,211f684b35495b17b8d981f29431a0aabfa46ab17ed1a4c48d9788617672ac54
configs/source_roots.example.yaml,1144,24b0eaa843446680a302975f3b2fee35677388ca467c23e8033ec3e1e7e11f21
data/dermlatbench_metadata.csv,5814964,36f0c2b2f69dfa696358ebe6fc153270a1e7ca3c0e4b8c42bc36d674d2b2d300
data/dermlatbench_nonskindeep_metadata.csv,5535581,9716d226a10eaf0397405ee7790b9b9e4a3a5e1bb13c852a55c345c72aafd727
data/skindeep_mask_annotations_export.json,307298,6806d065f87325745d7616a7e2e14d8b7c55d04b5b2833992628f16b4dfa4c62
data/skindeep_metadata.csv,280595,fe3f0cb9e3ff89789d50f84cbec8f1892899ba03275e4fc4d1474de3045f12b8
data/source_acquisition_manifest.csv,8144,5f8f72f3dc53728fb94edd9b8ee35b002c9baf60fd299af7323312b513a3f831
data/source_counts.csv,255,669a143521fb0386241a535313e87a27a16ab362586cc0a1e40977e6459b0021
data/source_label_composition.csv,440,6e91a20f7a29066e57440ab278a73e2bd36ac5c76ad5372f0e18a10e2db66a27
data/source_name_mapping.csv,1988,496d7261fac8faf7ad8cf19284e8984d414ec39ef104ae7d6acbed0d2ddb5bd5
dermlatbench/__init__.py,58,c1cc2c06a509fdaee2f6237fced7ceba6f99cab3e98c628de8ac922768d2d981
dermlatbench/manifest.py,2020,9e988e6b41f87f4e3909bf329fafc93708255387b1c4f87d25df19c25540c2b4
dermlatbench/masking.py,6238,9bf0d57ffe75a225febff65852abd7386c252836ff06e95e42f4fdcc37004e10
dermlatbench/periorbital_crop.py,2421,0fd1a21a45ee736ec4164cfef7fe307fa5d81fb2b4fa82d9761fd950e4e7e8f5
docs/CITATION.md,336,f06230ce0b88df1d0b1d0d89f8bf616f500a9f75bb82d86974230cb4da4e4fa7
docs/DATASET_NAME_UPDATE_20261008.md,222,c69f606237c4aa399c7262ff52fa0cce898291a2964768a8011080111034c1d0
docs/DATA_SOURCES.md,4412,45d96973f8d001ebc30a0542700e1c3740b255debe6249cdf14bae48e6b382e7
docs/IMAGE_USE_POLICY.md,696,7149d4cae4f86fb1130d802c9b324a05c809a2fbda0c621b91c4158ebeb861fd
docs/LEFT_RIGHT_QUEST.md,276,badde333c2e60944f1fcb85a5452a8edc35e76d1ef92bdc4939bdbfc9f2d424a
docs/PERIORBITAL_CROPPING.md,373,b9821d7075c203fbd87fa9fd96ab9958adad2f698b86119a9824647a7d881b02
docs/RELEASE_CHECKLIST.md,625,3a4fe90b95638d4024988a24c78129ce9dde8a15d318d4025954172e5728546b
docs/SKINDEEP_MASKING.md,296,9e65676544d28207bcb42840537d7f66ff719bfefb34f73adf100a8e8963782c
local_images/.gitkeep,0,e3b0c44298fc1c149afbf4c8996fb92427ae41e4649b934ca495991b7852b855
local_outputs/.gitkeep,0,e3b0c44298fc1c149afbf4c8996fb92427ae41e4649b934ca495991b7852b855
masked_cache/.gitkeep,0,e3b0c44298fc1c149afbf4c8996fb92427ae41e4649b934ca495991b7852b855
notebooks/.gitkeep,0,e3b0c44298fc1c149afbf4c8996fb92427ae41e4649b934ca495991b7852b855
pyproject.toml,510,c90d3161601256ffeb2e1165bca2c7366e74486abc8bd533519f8be7e8a072d9
repo_file_manifest.csv,3352,b10e5d611e23498def756750f5c6ee9ca364056997b43a4f0a9a5606cd5149b0
requirements.txt,127,5ef06ee377c37b8a74eba4fe2e4dcec51e0ffb3032e13a836706389460fb67ca
scripts/apply_skindeep_masks_realtime.py,953,aaaef417fec305c268d73602ca466bc116dd8aeb977c473c0533ceac0eae6b5c
scripts/build_from_local_sources.py,1867,3407ed30b068a083ba50aaeb23d9ce292eabf077d4d8e1eba334c34458511d6f
scripts/crop_periorbital_images.py,2893,6009b22d1a96dc8075820f0c572b0c753a7eea882d235f9dea353513175f2094
scripts/summarize_manifest.py,486,cf0ea09af30ca9e901afcd5783973ceb2ae0e28c21d46fabae46bcfbd700e11e
scripts/verify_no_images.py,859,7fb682178c3dc1c01c928c8397d08c02b8188f8fc9e5bfc09ab3b09d2f8bcecc
tests/test_no_images.py,519,8abcca659684f08522ebc6b7bad87a7a9776896dfe700841d3a60c7947867475
